{"cameraMode":{"drawMode":0,"name":"Shaded","section":"Shading Mode"},"sceneLighting":true,"audioPlay":false,"sceneViewState":{"m_AlwaysRefresh":false,"showFog":true,"showSkybox":true,"showFlares":true,"showImageEffects":true,"showParticleSystems":true,"showVisualEffectGraphs":true,"m_FxEnabled":true},"in2DMode":false,"pivot":{"x":-6.445497989654541,"y":6.8051629066467289,"z":4.7721662521362309},"rotation":{"x":0.006089377216994762,"y":-0.9782037734985352,"z":0.2057495266199112,"w":0.02934979274868965},"size":0.21220552921295167,"orthographic":false}